Date,Mom
2021-06,2.07
2021-07,-2.18
2021-08,2.63
2021-09,1.43
2021-10,3.31
2021-11,0.96
2021-12,-2.4
2022-01,-2.43
2022-02,1.62
2022-03,2.92
2022-04,4.98
2022-05,2.52
2022-06,1.06
2022-07,-4.41
2022-08,1.89
2022-09,3.71
2022-10,3.94
2022-11,-1.71
2022-12,4.94
2023-01,-16.21
2023-02,0.52
2023-03,-2.38
2023-04,1.75
2023-05,-0.88
2023-06,-2.71
2023-07,-3.99
2023-08,3.9
2023-09,0.25
2023-10,1.69
2023-11,2.59
2023-12,-5.5
2024-01,5.46
2024-02,5.01
2024-03,-0.32
2024-04,-0.43
2024-05,1.45
2024-06,0.86
2024-07,-2.36
2024-08,4.86
2024-09,-0.6
2024-10,2.98
2024-11,0.81
2024-12,-0.3
2025-01,1.01
2025-02,-0.86
2025-03,-2.64
2025-04,5.01
2025-05,2.25
2025-06,-2.65
2025-07,-0.94
2025-08,-3.61
2025-09,4.62
2025-10,0.16
2025-11,-1.72
2025-12,-2.4
2026-01,5.03
2026-02,1.31
2026-03,1.56
2026-04,9.51
2026-05,1.39
2026-06,4.62
2026-07,-12.25
