Date,Mkt-RF,SMB,HML,RF
2021-06,2.74,1.7,-7.86,0.0
2021-07,1.34,-3.93,-1.8,0.0
2021-08,2.94,-0.32,-0.23,0.0
2021-09,-4.4,0.66,5.12,0.0
2021-10,6.63,-2.26,-0.53,0.0
2021-11,-1.58,-1.31,-0.37,0.0
2021-12,3.23,-1.63,3.25,0.01
2022-01,-6.16,-5.93,12.86,0.0
2022-02,-2.28,2.16,3.06,0.0
2022-03,3.08,-1.55,-1.9,0.0
2022-04,-9.41,-1.35,6.18,0.0
2022-05,-0.34,-1.84,8.44,0.03
2022-06,-8.4,2.07,-6.0,0.06
2022-07,9.57,2.86,-4.13,0.08
2022-08,-3.77,1.41,0.18,0.19
2022-09,-9.34,-0.76,0.03,0.19
2022-10,7.85,0.01,7.97,0.23
2022-11,4.65,-3.57,1.48,0.29
2022-12,-6.38,-0.76,1.34,0.33
2023-01,6.61,5.01,-3.94,0.35
2023-02,-2.57,1.05,-0.8,0.34
2023-03,2.48,-5.48,-9.05,0.36
2023-04,0.62,-3.37,-0.12,0.35
2023-05,0.34,1.6,-7.79,0.36
2023-06,6.46,1.49,-0.13,0.4
2023-07,3.21,2.05,4.06,0.45
2023-08,-2.36,-3.13,-1.15,0.45
2023-09,-5.23,-2.5,1.5,0.43
2023-10,-3.15,-3.87,0.22,0.47
2023-11,8.88,-0.11,1.66,0.44
2023-12,4.85,6.28,4.87,0.43
2024-01,0.73,-5.04,-2.37,0.47
2024-02,5.07,-0.26,-3.43,0.42
2024-03,2.84,-2.5,4.16,0.43
2024-04,-4.65,-2.38,-0.45,0.47
2024-05,4.33,0.53,-1.33,0.44
2024-06,2.8,-3.0,-3.36,0.41
2024-07,1.22,6.81,5.57,0.45
2024-08,1.6,-3.49,-1.13,0.48
2024-09,1.72,-0.13,-2.73,0.4
2024-10,-1.0,-0.95,0.91,0.39
2024-11,6.49,4.49,0.38,0.4
2024-12,-3.17,-2.7,-2.97,0.37
2025-01,2.8,-2.0,1.76,0.37
2025-02,-2.44,-5.77,4.84,0.33
2025-03,-6.39,-2.72,2.87,0.34
2025-04,-0.84,-0.57,-3.29,0.35
2025-05,6.06,0.61,-2.81,0.38
2025-06,4.86,0.71,-1.43,0.34
2025-07,1.98,0.3,-1.34,0.34
2025-08,1.84,3.8,4.37,0.38
2025-09,3.39,-1.83,-1.05,0.33
2025-10,1.96,-0.57,-3.18,0.37
2025-11,-0.13,0.4,3.76,0.3
2025-12,-0.36,-1.04,2.4,0.34
2026-01,1.03,2.18,3.8,0.3
2026-02,-1.17,0.16,2.8,0.28
2026-03,-5.18,0.44,3.29,0.29
2026-04,9.95,0.19,-1.37,0.29
2026-05,4.91,-1.59,-2.31,0.31
2026-06,-1.07,3.39,3.58,0.29
2026-07,-0.6,-1.96,2.11,0.33
