Date,close_brut,close_ajuste
2021-06-01,13.170000076293945,9.021451950073242
2021-06-02,13.1899995803833,9.035151481628418
2021-06-03,13.100000381469727,8.973503112792969
2021-06-04,13.270000457763672,9.08995246887207
2021-06-07,13.229999542236328,9.062551498413086
2021-06-08,13.25,9.076251983642578
2021-06-09,13.239999771118164,9.069401741027832
2021-06-10,13.359999656677246,9.151599884033203
2021-06-11,13.40999984741211,9.18585205078125
2021-06-14,13.529999732971191,9.26805305480957
2021-06-15,13.479999542236328,9.233802795410156
2021-06-16,13.40999984741211,9.18585205078125
2021-06-17,13.569999694824219,9.295452117919922
2021-06-18,13.4399995803833,9.206400871276855
2021-06-21,13.600000381469727,9.316000938415527
2021-06-22,13.720000267028809,9.398200988769531
2021-06-23,13.699999809265137,9.384502410888672
2021-06-24,13.770000457763672,9.432452201843262
2021-06-25,13.800000190734863,9.4530029296875
2021-06-28,13.899999618530273,9.521502494812012
2021-06-29,13.9399995803833,9.548901557922363
2021-06-30,13.880000114440918,9.507802963256836
2021-07-01,13.949999809265137,9.55575180053711
2021-07-02,14.100000381469727,9.658501625061035
2021-07-06,14.170000076293945,9.706452369689941
2021-07-07,14.25,9.761251449584961
2021-07-08,14.140000343322754,9.685903549194336
2021-07-09,14.25,9.761251449584961
2021-07-12,14.270000457763672,9.77495288848877
2021-07-13,14.260000228881836,9.768102645874023
2021-07-14,14.289999961853027,9.788650512695312
2021-07-15,14.25,9.761251449584961
2021-07-16,14.170000076293945,9.706452369689941
2021-07-19,14.0,9.59000301361084
2021-07-20,14.199999809265137,9.72700023651123
2021-07-21,14.279999732971191,9.7818021774292
2021-07-22,14.380000114440918,9.850302696228027
2021-07-23,14.569999694824219,9.980451583862305
2021-07-26,14.5600004196167,9.973602294921875
2021-07-27,14.470000267028809,9.91195297241211
2021-07-28,14.479999542236328,9.918801307678223
2021-07-29,14.510000228881836,9.939352989196777
2021-07-30,14.470000267028809,9.91195297241211
2021-08-02,14.449999809265137,9.8982515335083
2021-08-03,14.529999732971191,9.95305061340332
2021-08-04,14.5600004196167,9.973602294921875
2021-08-05,14.65999984741211,10.04210090637207
2021-08-06,14.640000343322754,10.028403282165527
2021-08-09,14.59000015258789,9.994152069091797
2021-08-10,14.510000228881836,9.939352989196777
2021-08-11,14.520000457763672,9.946202278137207
2021-08-12,14.5600004196167,9.973602294921875
2021-08-13,14.619999885559082,10.014701843261719
2021-08-16,14.6899995803833,10.062652587890625
2021-08-17,14.579999923706055,9.987300872802734
2021-08-18,14.430000305175781,9.884552001953125
2021-08-19,14.5600004196167,9.973602294921875
2021-08-20,14.6899995803833,10.062652587890625
2021-08-23,14.819999694824219,10.151700973510742
2021-08-24,14.819999694824219,10.151700973510742
2021-08-25,14.819999694824219,10.151700973510742
2021-08-26,14.75,10.103752136230469
2021-08-27,14.899999618530273,10.206501007080078
2021-08-30,15.029999732971191,10.295553207397461
2021-08-31,15.0,10.275001525878906
2021-09-01,15.050000190734863,10.309252738952637
2021-09-02,15.0600004196167,10.316102981567383
2021-09-03,15.100000381469727,10.343502044677734
2021-09-07,15.069999694824219,10.322951316833496
2021-09-08,15.0600004196167,10.316102981567383
2021-09-09,15.0,10.275001525878906
2021-09-10,14.920000076293945,10.22020149230957
2021-09-13,14.890000343322754,10.199652671813965
2021-09-14,14.859999656677246,10.179101943969727
2021-09-15,14.960000038146973,10.247602462768555
2021-09-16,14.970000267028809,10.254451751708984
2021-09-17,14.8100004196167,10.144852638244629
2021-09-20,14.569999694824219,9.980451583862305
2021-09-21,14.569999694824219,9.980451583862305
2021-09-22,14.699999809265137,10.069501876831055
2021-09-23,14.859999656677246,10.179101943969727
2021-09-24,14.880000114440918,10.192802429199219
2021-09-27,14.710000038146973,10.0763521194458
2021-09-28,14.289999961853027,9.788650512695312
2021-09-29,14.289999961853027,9.788650512695312
2021-09-30,14.180000305175781,9.713302612304688
2021-10-01,14.350000381469727,9.829751968383789
2021-10-04,14.050000190734863,9.624252319335938
2021-10-05,14.239999771118164,9.754402160644531
2021-10-06,14.319999694824219,9.80920124053955
2021-10-07,14.449999809265137,9.8982515335083
2021-10-08,14.369999885559082,9.843452453613281
2021-10-11,14.279999732971191,9.7818021774292
2021-10-12,14.260000228881836,9.768102645874023
2021-10-13,14.359999656677246,9.836603164672852
2021-10-14,14.640000343322754,10.028403282165527
2021-10-15,14.75,10.103752136230469
2021-10-18,14.869999885559082,10.185952186584473
2021-10-19,14.989999771118164,10.268152236938477
2021-10-20,14.970000267028809,10.254451751708984
2021-10-21,15.09000015258789,10.336652755737305
2021-10-22,15.079999923706055,10.329802513122559
2021-10-25,15.140000343322754,10.370902061462402
2021-10-26,15.180000305175781,10.39830207824707
2021-10-27,15.130000114440918,10.364051818847656
2021-10-28,15.300000190734863,10.480502128601074
2021-10-29,15.380000114440918,10.535301208496094
2021-11-01,15.289999961853027,10.473652839660645
2021-11-02,15.369999885559082,10.528450965881348
2021-11-03,15.449999809265137,10.583251953125
2021-11-04,15.670000076293945,10.733952522277832
2021-11-05,15.699999809265137,10.754501342773438
2021-11-08,15.760000228881836,10.795602798461914
2021-11-09,15.779999732971191,10.80930233001709
2021-11-10,15.529999732971191,10.638051986694336
2021-11-11,15.550000190734863,10.651751518249512
2021-11-12,15.75,10.788751602172852
2021-11-15,15.739999771118164,10.781902313232422
2021-11-16,15.890000343322754,10.884651184082031
2021-11-17,15.859999656677246,10.864102363586426
2021-11-18,15.960000038146973,10.932601928710938
2021-11-19,16.030000686645508,10.980551719665527
2021-11-22,15.779999732971191,10.80930233001709
2021-11-23,15.739999771118164,10.781902313232422
2021-11-24,15.8100004196167,10.829851150512695
2021-11-26,15.460000038146973,10.590103149414062
2021-11-29,15.829999923706055,10.843552589416504
2021-11-30,15.529999732971191,10.638051986694336
2021-12-01,15.289999961853027,10.473652839660645
2021-12-02,15.470000267028809,10.596951484680176
2021-12-03,15.210000038146973,10.418852806091309
2021-12-06,15.329999923706055,10.501052856445312
2021-12-07,15.75,10.788751602172852
2021-12-08,15.84000015258789,10.85040283203125
2021-12-09,15.640000343322754,10.71340274810791
2021-12-10,15.350000381469727,10.822687149047852
2021-12-13,15.210000038146973,10.723979949951172
2021-12-14,14.949999809265137,10.540661811828613
2021-12-15,15.270000457763672,10.76628303527832
2021-12-16,14.970000267028809,10.554762840270996
2021-12-17,14.859999656677246,10.47720718383789
2021-12-20,14.6899995803833,10.35734748840332
2021-12-21,15.010000228881836,10.582966804504395
2021-12-22,15.180000305175781,10.702826499938965
2021-12-23,15.270000457763672,10.76628303527832
2021-12-27,15.539999961853027,10.956649780273438
2021-12-28,15.460000038146973,10.900242805480957
2021-12-29,15.470000267028809,10.907294273376465
2021-12-30,15.420000076293945,10.872040748596191
2021-12-31,15.369999885559082,10.83678913116455
2022-01-03,15.289999961853027,10.780383110046387
2022-01-04,15.119999885559082,10.660523414611816
2022-01-05,14.65999984741211,10.33619499206543
2022-01-06,14.609999656677246,10.30094051361084
2022-01-07,14.399999618530273,10.152878761291504
2022-01-10,14.350000381469727,10.117626190185547
2022-01-11,14.510000228881836,10.230435371398926
2022-01-12,14.5600004196167,10.265687942504883
2022-01-13,14.1899995803833,10.004815101623535
2022-01-14,14.180000305175781,9.997764587402344
2022-01-18,13.850000381469727,9.765094757080078
2022-01-19,13.739999771118164,9.687538146972656
2022-01-20,13.579999923706055,9.574728965759277
2022-01-21,13.270000457763672,9.356161117553711
2022-01-24,13.380000114440918,9.433716773986816
2022-01-25,13.010000228881836,9.172843933105469
2022-01-26,12.989999771118164,9.158742904663086
2022-01-27,12.90999984741211,9.102337837219238
2022-01-28,13.34000015258789,9.405513763427734
2022-01-31,13.710000038146973,9.666386604309082
2022-02-01,13.770000457763672,9.708690643310547
2022-02-02,13.970000267028809,9.849701881408691
2022-02-03,13.489999771118164,9.511272430419922
2022-02-04,13.59000015258789,9.581779479980469
2022-02-07,13.489999771118164,9.511272430419922
2022-02-08,13.600000381469727,9.588829040527344
2022-02-09,13.880000114440918,9.786247253417969
2022-02-10,13.569999694824219,9.567678451538086
2022-02-11,13.180000305175781,9.292704582214355
2022-02-14,13.15999984741211,9.278604507446289
2022-02-15,13.420000076293945,9.461919784545898
2022-02-16,13.430000305175781,9.468969345092773
2022-02-17,13.079999923706055,9.222197532653809
2022-02-18,12.960000038146973,9.137590408325195
2022-02-22,12.8100004196167,9.031832695007324
2022-02-23,12.529999732971191,8.834415435791016
2022-02-24,12.9399995803833,9.123488426208496
2022-02-25,13.149999618530273,9.271553993225098
2022-02-28,13.109999656677246,9.243348121643066
2022-03-01,12.9399995803833,9.123488426208496
2022-03-02,13.170000076293945,9.285653114318848
2022-03-03,13.020000457763672,9.179893493652344
2022-03-04,12.890000343322754,9.088236808776855
2022-03-07,12.40999984741211,8.749807357788086
2022-03-08,12.300000190734863,8.67225170135498
2022-03-09,12.729999542236328,8.97542667388916
2022-03-10,12.609999656677246,8.89081859588623
2022-03-11,12.399999618530273,8.742755889892578
2022-03-14,12.260000228881836,8.644047737121582
2022-03-15,12.619999885559082,8.897869110107422
2022-03-16,12.989999771118164,9.158742904663086
2022-03-17,13.140000343322754,9.264503479003906
2022-03-18,13.40999984741211,9.45486831665039
2022-03-21,13.329999923706055,9.398462295532227
2022-03-22,13.489999771118164,9.511272430419922
2022-03-23,13.260000228881836,9.349109649658203
2022-03-24,13.510000228881836,9.525374412536621
2022-03-25,13.5,9.51832389831543
2022-03-28,13.680000305175781,9.645234107971191
2022-03-29,13.920000076293945,9.814449310302734
2022-03-30,13.789999961853027,9.72279167175293
2022-03-31,13.609999656677246,9.595880508422852
2022-04-01,13.65999984741211,9.631133079528809
2022-04-04,13.819999694824219,9.743943214416504
2022-04-05,13.640000343322754,9.617033958435059
2022-04-06,13.470000267028809,9.497172355651855
2022-04-07,13.5600004196167,9.560627937316895
2022-04-08,13.4399995803833,9.476019859313965
2022-04-11,13.109999656677246,9.243348121643066
2022-04-12,12.989999771118164,9.158742904663086
2022-04-13,13.149999618530273,9.271553993225098
2022-04-14,12.899999618530273,9.095287322998047
2022-04-18,12.890000343322754,9.088236808776855
2022-04-19,13.130000114440918,9.257451057434082
2022-04-20,13.1899995803833,9.29975414276123
2022-04-21,12.930000305175781,9.116440773010254
2022-04-22,12.529999732971191,8.834415435791016
2022-04-25,12.65999984741211,8.926072120666504
2022-04-26,12.270000457763672,8.651100158691406
2022-04-27,12.319999694824219,8.686352729797363
2022-04-28,12.720000267028809,8.968376159667969
2022-04-29,12.180000305175781,8.58764362335205
2022-05-02,12.199999809265137,8.601744651794434
2022-05-03,12.210000038146973,8.608795166015625
2022-05-04,12.550000190734863,8.848516464233398
2022-05-05,12.020000457763672,8.474833488464355
2022-05-06,11.449999809265137,8.391286849975586
2022-05-09,11.0,8.06149959564209
2022-05-10,11.0600004196167,8.105470657348633
2022-05-11,10.850000381469727,7.951568603515625
2022-05-12,10.84000015258789,7.944240570068359
2022-05-13,11.1899995803833,8.200742721557617
2022-05-16,11.09000015258789,8.127456665039062
2022-05-17,11.329999923706055,8.303342819213867
2022-05-18,10.859999656677246,7.958897590637207
2022-05-19,10.899999618530273,7.988210678100586
2022-05-20,10.970000267028809,8.039512634277344
2022-05-23,11.149999618530273,8.171427726745605
2022-05-24,11.039999961853027,8.090812683105469
2022-05-25,11.119999885559082,8.149441719055176
2022-05-26,11.359999656677246,8.325329780578613
2022-05-27,11.739999771118164,8.6038179397583
2022-05-31,11.619999885559082,8.51587200164795
2022-06-01,11.489999771118164,8.420600891113281
2022-06-02,11.819999694824219,8.662446022033691
2022-06-03,11.609999656677246,8.508543968200684
2022-06-06,11.65999984741211,8.545187950134277
2022-06-07,11.770000457763672,8.62580394744873
2022-06-08,11.619999885559082,8.51587200164795
2022-06-09,11.359999656677246,8.325329780578613
2022-06-10,10.970000267028809,8.039512634277344
2022-06-13,10.550000190734863,7.731709003448486
2022-06-14,10.510000228881836,7.702395915985107
2022-06-15,10.720000267028809,7.856296539306641
2022-06-16,10.359999656677246,7.592465877532959
2022-06-17,10.40999984741211,7.6291093826293945
2022-06-21,10.6899995803833,7.834311008453369
2022-06-22,10.739999771118164,7.870954513549805
2022-06-23,10.960000038146973,8.032182693481445
2022-06-24,11.279999732971191,8.266698837280273
2022-06-27,11.199999809265137,8.208070755004883
2022-06-28,10.899999618530273,7.988210678100586
2022-06-29,10.930000305175781,8.010197639465332
2022-06-30,10.859999656677246,7.958897590637207
2022-07-01,10.949999809265137,8.024855613708496
2022-07-05,11.020000457763672,8.076156616210938
2022-07-06,11.119999885559082,8.149441719055176
2022-07-07,11.279999732971191,8.266698837280273
2022-07-08,11.260000228881836,8.252043724060059
2022-07-11,11.15999984741211,8.178755760192871
2022-07-12,11.0,8.06149959564209
2022-07-13,10.960000038146973,8.032182693481445
2022-07-14,10.989999771118164,8.054169654846191
2022-07-15,11.1899995803833,8.200742721557617
2022-07-18,11.050000190734863,8.09814167022705
2022-07-19,11.40999984741211,8.361971855163574
2022-07-20,11.510000228881836,8.435258865356445
2022-07-21,11.699999809265137,8.574502944946289
2022-07-22,11.59000015258789,8.493887901306152
2022-07-25,11.529999732971191,8.449915885925293
2022-07-26,11.420000076293945,8.369301795959473
2022-07-27,11.720000267028809,8.589159965515137
2022-07-28,12.010000228881836,8.801689147949219
2022-07-29,12.1899995803833,8.933606147766113
2022-08-01,12.140000343322754,8.896963119506836
2022-08-02,12.079999923706055,8.852992057800293
2022-08-03,12.289999961853027,9.006892204284668
2022-08-04,12.359999656677246,9.058192253112793
2022-08-05,12.319999694824219,9.028879165649414
2022-08-08,12.260000228881836,8.984906196594238
2022-08-09,12.15999984741211,8.91162109375
2022-08-10,12.4399995803833,9.1168212890625
2022-08-11,12.359999656677246,9.058192253112793
2022-08-12,12.600000381469727,9.234079360961914
2022-08-15,12.680000305175781,9.292708396911621
2022-08-16,12.640000343322754,9.263394355773926
2022-08-17,12.5600004196167,9.204766273498535
2022-08-18,12.579999923706055,9.219423294067383
2022-08-19,12.380000114440918,9.07284927368164
2022-08-22,12.100000381469727,8.86764907836914
2022-08-23,12.020000457763672,8.809019088745117
2022-08-24,12.0600004196167,8.838334083557129
2022-08-25,12.260000228881836,8.984906196594238
2022-08-26,11.789999961853027,8.640460014343262
2022-08-29,11.65999984741211,8.545187950134277
2022-08-30,11.539999961853027,8.457243919372559
2022-08-31,11.420000076293945,8.369301795959473
2022-09-01,11.420000076293945,8.369301795959473
2022-09-02,11.270000457763672,8.259371757507324
2022-09-06,11.260000228881836,8.252043724060059
2022-09-07,11.5,8.427929878234863
2022-09-08,11.569999694824219,8.479229927062988
2022-09-09,11.739999771118164,8.6038179397583
2022-09-12,11.850000381469727,8.684432983398438
2022-09-13,11.289999961853027,8.274028778076172
2022-09-14,11.289999961853027,8.274028778076172
2022-09-15,11.079999923706055,8.12012767791748
2022-09-16,11.0,8.06149959564209
2022-09-19,11.0600004196167,8.105470657348633
2022-09-20,10.930000305175781,8.010197639465332
2022-09-21,10.75,7.8782830238342285
2022-09-22,10.619999885559082,7.783010482788086
2022-09-23,10.510000228881836,7.702395915985107
2022-09-26,10.420000076293945,7.636436939239502
2022-09-27,10.40999984741211,7.6291093826293945
2022-09-28,10.59000015258789,7.761024475097656
2022-09-29,10.380000114440918,7.607122898101807
2022-09-30,10.239999771118164,7.504522800445557
2022-10-03,10.539999961853027,7.724381446838379
2022-10-04,10.850000381469727,7.951568603515625
2022-10-05,10.84000015258789,7.944240570068359
2022-10-06,10.720000267028809,7.856296539306641
2022-10-07,10.350000381469727,7.585138320922852
2022-10-10,10.229999542236328,7.4971923828125
2022-10-11,10.109999656677246,7.409249305725098
2022-10-12,10.0600004196167,7.372605800628662
2022-10-13,10.279999732971191,7.533835411071777
2022-10-14,10.020000457763672,7.343293190002441
2022-10-17,10.350000381469727,7.585138320922852
2022-10-18,10.470000267028809,7.673079967498779
2022-10-19,10.369999885559082,7.599794387817383
2022-10-20,10.270000457763672,7.526508331298828
2022-10-21,10.479999542236328,7.680408954620361
2022-10-24,10.619999885559082,7.783010482788086
2022-10-25,10.8100004196167,7.922253131866455
2022-10-26,10.6899995803833,7.834311008453369
2022-10-27,10.630000114440918,7.790339946746826
2022-10-28,10.920000076293945,8.002869606018066
2022-10-31,10.829999923706055,7.9369120597839355
2022-11-01,10.75,7.8782830238342285
2022-11-02,10.40999984741211,7.6291093826293945
2022-11-03,10.25,7.511850833892822
2022-11-04,10.380000114440918,7.607122898101807
2022-11-07,10.510000228881836,7.702395915985107
2022-11-08,10.630000114440918,7.790339946746826
2022-11-09,10.430000305175781,7.6437668800354
2022-11-10,11.199999809265137,8.208070755004883
2022-11-11,11.329999923706055,8.303342819213867
2022-11-14,11.1899995803833,8.200742721557617
2022-11-15,11.319999694824219,8.296014785766602
2022-11-16,11.229999542236328,8.230056762695312
2022-11-17,11.140000343322754,8.16409969329834
2022-11-18,11.199999809265137,8.208070755004883
2022-11-21,11.140000343322754,8.16409969329834
2022-11-22,11.279999732971191,8.266698837280273
2022-11-23,11.369999885559082,8.332657814025879
2022-11-25,11.359999656677246,8.325329780578613
2022-11-28,11.15999984741211,8.178755760192871
2022-11-29,11.09000015258789,8.127456665039062
2022-11-30,11.529999732971191,8.449915885925293
2022-12-01,11.59000015258789,8.493887901306152
2022-12-02,11.520000457763672,8.442587852478027
2022-12-05,11.329999923706055,8.303342819213867
2022-12-06,11.170000076293945,8.186084747314453
2022-12-07,11.140000343322754,8.16409969329834
2022-12-08,11.270000457763672,8.259371757507324
2022-12-09,11.100000381469727,8.19367504119873
2022-12-12,11.270000457763672,8.319162368774414
2022-12-13,11.399999618530273,8.415124893188477
2022-12-14,11.300000190734863,8.341309547424316
2022-12-15,10.960000038146973,8.09033203125
2022-12-16,10.8100004196167,7.979605674743652
2022-12-19,10.670000076293945,7.8762617111206055
2022-12-20,10.6899995803833,7.891025543212891
2022-12-21,10.859999656677246,8.016514778137207
2022-12-22,10.670000076293945,7.8762617111206055
2022-12-23,10.710000038146973,7.905787944793701
2022-12-27,10.640000343322754,7.8541178703308105
2022-12-28,10.529999732971191,7.772918224334717
2022-12-29,10.75,7.93531608581543
2022-12-30,10.6899995803833,7.891025543212891
2023-01-03,10.649999618530273,7.8614983558654785
2023-01-04,10.720000267028809,7.913170337677002
2023-01-05,10.5,7.7507734298706055
2023-01-06,10.739999771118164,7.927933692932129
2023-01-09,10.8100004196167,7.979605674743652
2023-01-10,10.890000343322754,8.03865909576416
2023-01-11,11.130000114440918,8.2158203125
2023-01-12,11.170000076293945,8.245346069335938
2023-01-13,11.210000038146973,8.274873733520508
2023-01-17,11.210000038146973,8.274873733520508
2023-01-18,11.079999923706055,8.178911209106445
2023-01-19,11.0,8.119857788085938
2023-01-20,11.25,8.304400444030762
2023-01-23,11.390000343322754,8.407742500305176
2023-01-24,11.359999656677246,8.385598182678223
2023-01-25,11.300000190734863,8.341309547424316
2023-01-26,11.399999618530273,8.415124893188477
2023-01-27,11.399999618530273,8.415124893188477
2023-01-30,11.270000457763672,8.319162368774414
2023-01-31,11.430000305175781,8.437272071838379
2023-02-01,11.609999656677246,8.57013988494873
2023-02-02,11.739999771118164,8.66610336303711
2023-02-03,11.579999923706055,8.547995567321777
2023-02-06,11.5,8.48894214630127
2023-02-07,11.65999984741211,8.607048034667969
2023-02-08,11.569999694824219,8.540613174438477
2023-02-09,11.489999771118164,8.481560707092285
2023-02-10,11.460000038146973,8.459415435791016
2023-02-13,11.619999885559082,8.577522277832031
2023-02-14,11.630000114440918,8.584903717041016
2023-02-15,11.699999809265137,8.636575698852539
2023-02-16,11.510000228881836,8.496323585510254
2023-02-17,11.449999809265137,8.452033996582031
2023-02-21,11.229999542236328,8.289636611938477
2023-02-22,11.239999771118164,8.297018051147461
2023-02-23,11.329999923706055,8.363452911376953
2023-02-24,11.180000305175781,8.252729415893555
2023-02-27,11.210000038146973,8.274873733520508
2023-02-28,11.170000076293945,8.245346069335938
2023-03-01,11.109999656677246,8.201055526733398
2023-03-02,11.239999771118164,8.297018051147461
2023-03-03,11.399999618530273,8.415124893188477
2023-03-06,11.420000076293945,8.429889678955078
2023-03-07,11.270000457763672,8.319162368774414
2023-03-08,11.329999923706055,8.363452911376953
2023-03-09,11.149999618530273,8.230583190917969
2023-03-10,10.9399995803833,8.075567245483398
2023-03-13,10.930000305175781,8.06818675994873
2023-03-14,11.130000114440918,8.2158203125
2023-03-15,11.010000228881836,8.127239227294922
2023-03-16,11.220000267028809,8.282256126403809
2023-03-17,11.109999656677246,8.201055526733398
2023-03-20,11.210000038146973,8.274873733520508
2023-03-21,11.329999923706055,8.363452911376953
2023-03-22,11.170000076293945,8.245346069335938
2023-03-23,11.220000267028809,8.282256126403809
2023-03-24,11.239999771118164,8.297018051147461
2023-03-27,11.260000228881836,8.31178092956543
2023-03-28,11.220000267028809,8.282256126403809
2023-03-29,11.380000114440918,8.400361061096191
2023-03-30,11.460000038146973,8.459415435791016
2023-03-31,11.600000381469727,8.562758445739746
2023-04-03,11.609999656677246,8.57013988494873
2023-04-04,11.489999771118164,8.481560707092285
2023-04-05,11.420000076293945,8.429889678955078
2023-04-06,11.420000076293945,8.429889678955078
2023-04-10,11.5,8.48894214630127
2023-04-11,11.520000457763672,8.503705978393555
2023-04-12,11.510000228881836,8.496323585510254
2023-04-13,11.640000343322754,8.592286109924316
2023-04-14,11.600000381469727,8.562758445739746
2023-04-17,11.65999984741211,8.607048034667969
2023-04-18,11.6899995803833,8.629193305969238
2023-04-19,11.619999885559082,8.577522277832031
2023-04-20,11.609999656677246,8.57013988494873
2023-04-21,11.600000381469727,8.562758445739746
2023-04-24,11.600000381469727,8.562758445739746
2023-04-25,11.399999618530273,8.415124893188477
2023-04-26,11.380000114440918,8.400361061096191
2023-04-27,11.579999923706055,8.547995567321777
2023-04-28,11.680000305175781,8.62181282043457
2023-05-01,11.75,8.673483848571777
2023-05-02,11.65999984741211,8.607048034667969
2023-05-03,11.609999656677246,8.57013988494873
2023-05-04,11.529999732971191,8.511087417602539
2023-05-05,11.710000038146973,8.64395809173584
2023-05-08,11.720000267028809,8.651339530944824
2023-05-09,11.699999809265137,8.636575698852539
2023-05-10,11.75,8.673483848571777
2023-05-11,11.699999809265137,8.636575698852539
2023-05-12,10.510000228881836,8.686996459960938
2023-05-15,10.5600004196167,8.728322982788086
2023-05-16,10.5,8.678730010986328
2023-05-17,10.59000015258789,8.753118515014648
2023-05-18,10.720000267028809,8.860569953918457
2023-05-19,10.699999809265137,8.844039916992188
2023-05-22,10.6899995803833,8.835773468017578
2023-05-23,10.460000038146973,8.645668029785156
2023-05-24,10.380000114440918,8.579545021057129
2023-05-25,10.59000015258789,8.753118515014648
2023-05-26,10.729999542236328,8.86883544921875
2023-05-30,10.720000267028809,8.860569953918457
2023-05-31,10.630000114440918,8.786181449890137
2023-06-01,10.729999542236328,8.86883544921875
2023-06-02,10.859999656677246,8.976285934448242
2023-06-05,10.819999694824219,8.943224906921387
2023-06-06,10.8100004196167,8.934959411621094
2023-06-07,10.760000228881836,8.893632888793945
2023-06-08,10.819999694824219,8.943224906921387
2023-06-09,10.829999923706055,8.951489448547363
2023-06-12,10.970000267028809,9.067206382751465
2023-06-13,11.050000190734863,9.133330345153809
2023-06-14,11.050000190734863,9.133330345153809
2023-06-15,11.1899995803833,9.24904727935791
2023-06-16,11.100000381469727,9.174657821655273
2023-06-20,11.0600004196167,9.141595840454102
2023-06-21,11.0600004196167,9.141595840454102
2023-06-22,11.079999923706055,9.158125877380371
2023-06-23,10.989999771118164,9.08373737335205
2023-06-26,10.949999809265137,9.050674438476562
2023-06-27,11.109999656677246,9.18292236328125
2023-06-28,11.09000015258789,9.16639232635498
2023-06-29,11.170000076293945,9.232515335083008
2023-06-30,11.329999923706055,9.364763259887695
2023-07-03,11.289999961853027,9.331701278686523
2023-07-05,11.229999542236328,9.28210735321045
2023-07-06,11.170000076293945,9.232515335083008
2023-07-07,11.119999885559082,9.191187858581543
2023-07-10,11.239999771118164,9.290373802185059
2023-07-11,11.270000457763672,9.315169334411621
2023-07-12,11.34000015258789,9.373028755187988
2023-07-13,11.420000076293945,9.439152717590332
2023-07-14,11.460000038146973,9.472213745117188
2023-07-17,11.5600004196167,9.554869651794434
2023-07-18,11.640000343322754,9.620992660522461
2023-07-19,11.579999923706055,9.571399688720703
2023-07-20,11.510000228881836,9.513541221618652
2023-07-21,11.539999961853027,9.538336753845215
2023-07-24,11.5600004196167,9.554869651794434
2023-07-25,11.649999618530273,9.629257202148438
2023-07-26,11.579999923706055,9.571399688720703
2023-07-27,11.489999771118164,9.497010231018066
2023-07-28,11.569999694824219,9.563133239746094
2023-07-31,11.569999694824219,9.563133239746094
2023-08-01,11.600000381469727,9.587930679321289
2023-08-02,11.449999809265137,9.463949203491211
2023-08-03,11.4399995803833,9.455682754516602
2023-08-04,11.359999656677246,9.389558792114258
2023-08-07,11.510000228881836,9.513541221618652
2023-08-08,11.460000038146973,9.472213745117188
2023-08-09,11.380000114440918,9.406088829040527
2023-08-10,11.380000114440918,9.406088829040527
2023-08-11,11.329999923706055,9.364763259887695
2023-08-14,11.449999809265137,9.463949203491211
2023-08-15,11.350000381469727,9.381294250488281
2023-08-16,11.260000228881836,9.306903839111328
2023-08-17,11.119999885559082,9.191187858581543
2023-08-18,11.119999885559082,9.191187858581543
2023-08-21,11.229999542236328,9.28210735321045
2023-08-22,11.229999542236328,9.28210735321045
2023-08-23,11.390000343322754,9.414355278015137
2023-08-24,11.229999542236328,9.28210735321045
2023-08-25,11.3100004196167,9.348233222961426
2023-08-28,11.399999618530273,9.422619819641113
2023-08-29,11.579999923706055,9.571399688720703
2023-08-30,11.609999656677246,9.596195220947266
2023-08-31,11.619999885559082,9.604461669921875
2023-09-01,11.649999618530273,9.629257202148438
2023-09-05,11.600000381469727,9.587930679321289
2023-09-06,11.579999923706055,9.571399688720703
2023-09-07,11.550000190734863,9.54660415649414
2023-09-08,11.539999961853027,9.538336753845215
2023-09-11,11.569999694824219,9.563133239746094
2023-09-12,11.479999542236328,9.488744735717773
2023-09-13,11.510000228881836,9.513541221618652
2023-09-14,11.579999923706055,9.571399688720703
2023-09-15,11.380000114440918,9.406088829040527
2023-09-18,11.40999984741211,9.430887222290039
2023-09-19,11.369999885559082,9.39782428741455
2023-09-20,11.260000228881836,9.306903839111328
2023-09-21,11.029999732971191,9.116798400878906
2023-09-22,11.069999694824219,9.149861335754395
2023-09-25,11.119999885559082,9.191187858581543
2023-09-26,10.9399995803833,9.042409896850586
2023-09-27,10.989999771118164,9.08373737335205
2023-09-28,11.09000015258789,9.16639232635498
2023-09-29,11.039999961853027,9.125064849853516
2023-10-02,11.079999923706055,9.158125877380371
2023-10-03,10.890000343322754,9.001083374023438
2023-10-04,11.050000190734863,9.133330345153809
2023-10-05,11.050000190734863,9.133330345153809
2023-10-06,11.229999542236328,9.28210735321045
2023-10-09,11.289999961853027,9.331701278686523
2023-10-10,11.359999656677246,9.389558792114258
2023-10-11,11.470000267028809,9.480480194091797
2023-10-12,11.40999984741211,9.430887222290039
2023-10-13,11.289999961853027,9.331701278686523
2023-10-16,11.430000305175781,9.447419166564941
2023-10-17,11.399999618530273,9.422619819641113
2023-10-18,11.199999809265137,9.257311820983887
2023-10-19,11.069999694824219,9.149861335754395
2023-10-20,10.920000076293945,9.02587890625
2023-10-23,10.930000305175781,9.034144401550293
2023-10-24,11.0,9.092002868652344
2023-10-25,10.800000190734863,8.926692962646484
2023-10-26,10.649999618530273,8.802711486816406
2023-10-27,10.649999618530273,8.802711486816406
2023-10-30,10.760000228881836,8.893632888793945
2023-10-31,10.829999923706055,8.951489448547363
2023-11-01,10.9399995803833,9.042409896850586
2023-11-02,11.130000114440918,9.199454307556152
2023-11-03,11.289999961853027,9.331701278686523
2023-11-06,11.34000015258789,9.373028755187988
2023-11-07,11.430000305175781,9.447419166564941
2023-11-08,11.489999771118164,9.497010231018066
2023-11-09,11.460000038146973,9.472213745117188
2023-11-10,11.680000305175781,9.654054641723633
2023-11-13,11.680000305175781,9.654054641723633
2023-11-14,11.880000114440918,9.819363594055176
2023-11-15,11.829999923706055,9.778035163879395
2023-11-16,11.880000114440918,9.819363594055176
2023-11-17,11.880000114440918,9.819363594055176
2023-11-20,11.989999771118164,9.910283088684082
2023-11-21,11.979999542236328,9.902017593383789
2023-11-22,12.050000190734863,9.95987606048584
2023-11-24,12.039999961853027,9.951610565185547
2023-11-27,12.020000457763672,9.935079574584961
2023-11-28,11.979999542236328,9.902017593383789
2023-11-29,11.960000038146973,9.885488510131836
2023-11-30,11.979999542236328,9.902017593383789
2023-12-01,12.039999961853027,9.951610565185547
2023-12-04,11.9399995803833,9.8689546585083
2023-12-05,11.920000076293945,9.852425575256348
2023-12-06,11.890000343322754,9.827628135681152
2023-12-07,12.0,9.918547630310059
2023-12-08,11.859999656677246,9.962227821350098
2023-12-11,11.970000267028809,10.05462646484375
2023-12-12,12.09000015258789,10.155425071716309
2023-12-13,12.210000038146973,10.25622272491455
2023-12-14,12.130000114440918,10.189023971557617
2023-12-15,12.15999984741211,10.214223861694336
2023-12-18,12.25,10.28982162475586
2023-12-19,12.279999732971191,10.315022468566895
2023-12-20,12.100000381469727,10.163825035095215
2023-12-21,12.239999771118164,10.281421661376953
2023-12-22,12.270000457763672,10.306621551513672
2023-12-26,12.300000190734863,10.33182144165039
2023-12-27,12.319999694824219,10.348620414733887
2023-12-28,12.319999694824219,10.348620414733887
2023-12-29,12.3100004196167,10.340221405029297
2024-01-02,12.149999618530273,10.205821990966797
2024-01-03,12.029999732971191,10.105025291442871
2024-01-04,12.010000228881836,10.088225364685059
2024-01-05,12.010000228881836,10.088225364685059
2024-01-08,12.220000267028809,10.264623641967773
2024-01-09,12.239999771118164,10.281421661376953
2024-01-10,12.34000015258789,10.3654203414917
2024-01-11,12.380000114440918,10.399019241333008
2024-01-12,12.420000076293945,10.43262004852295
2024-01-16,12.420000076293945,10.43262004852295
2024-01-17,12.380000114440918,10.399019241333008
2024-01-18,12.529999732971191,10.525018692016602
2024-01-19,12.710000038146973,10.676215171813965
2024-01-22,12.760000228881836,10.718214988708496
2024-01-23,12.770000457763672,10.726614952087402
2024-01-24,12.800000190734863,10.751813888549805
2024-01-25,12.880000114440918,10.819013595581055
2024-01-26,12.869999885559082,10.810612678527832
2024-01-29,13.0,10.91981029510498
2024-01-30,13.020000457763672,10.936612129211426
2024-01-31,12.800000190734863,10.751813888549805
2024-02-01,13.020000457763672,10.936612129211426
2024-02-02,13.270000457763672,11.146607398986816
2024-02-05,13.279999732971191,11.155006408691406
2024-02-06,13.270000457763672,11.146607398986816
2024-02-07,13.4399995803833,11.28940486907959
2024-02-08,13.4399995803833,11.28940486907959
2024-02-09,13.569999694824219,11.398602485656738
2024-02-12,13.5,11.339804649353027
2024-02-13,13.329999923706055,11.197006225585938
2024-02-14,13.510000228881836,11.348203659057617
2024-02-15,13.550000190734863,11.381803512573242
2024-02-16,13.489999771118164,11.331402778625488
2024-02-20,13.380000114440918,11.239006042480469
2024-02-21,13.380000114440918,11.239006042480469
2024-02-22,13.800000190734863,11.59179973602295
2024-02-23,13.819999694824219,11.608598709106445
2024-02-26,13.789999961853027,11.583399772644043
2024-02-27,13.789999961853027,11.583399772644043
2024-02-28,13.779999732971191,11.574999809265137
2024-02-29,13.850000381469727,11.63379955291748
2024-03-01,14.020000457763672,11.776597023010254
2024-03-04,14.039999961853027,11.79339599609375
2024-03-05,13.869999885559082,11.650599479675293
2024-03-06,13.970000267028809,11.734597206115723
2024-03-07,14.170000076293945,11.902593612670898
2024-03-08,13.979999542236328,11.742996215820312
2024-03-11,13.869999885559082,11.650599479675293
2024-03-12,14.109999656677246,11.852195739746094
2024-03-13,14.079999923706055,11.826995849609375
2024-03-14,14.079999923706055,11.826995849609375
2024-03-15,13.949999809265137,11.717796325683594
2024-03-18,14.029999732971191,11.784995079040527
2024-03-19,14.149999618530273,11.885793685913086
2024-03-20,14.279999732971191,11.99499225616455
2024-03-21,14.380000114440918,12.078990936279297
2024-03-22,14.380000114440918,12.078990936279297
2024-03-25,14.279999732971191,11.99499225616455
2024-03-26,14.239999771118164,11.961393356323242
2024-03-27,14.300000190734863,12.01179313659668
2024-03-28,14.289999961853027,12.003393173217773
2024-04-01,14.270000457763672,11.986593246459961
2024-04-02,14.15999984741211,11.894193649291992
2024-04-03,14.229999542236328,11.952993392944336
2024-04-04,14.039999961853027,11.79339599609375
2024-04-05,14.279999732971191,11.99499225616455
2024-04-08,14.260000228881836,11.978192329406738
2024-04-09,14.229999542236328,11.952993392944336
2024-04-10,14.130000114440918,11.86899471282959
2024-04-11,14.260000228881836,11.978192329406738
2024-04-12,14.039999961853027,11.79339599609375
2024-04-15,13.869999885559082,11.650599479675293
2024-04-16,13.920000076293945,11.692597389221191
2024-04-17,13.800000190734863,11.59179973602295
2024-04-18,13.739999771118164,11.541400909423828
2024-04-19,13.510000228881836,11.348203659057617
2024-04-22,13.630000114440918,11.449003219604492
2024-04-23,13.850000381469727,11.63379955291748
2024-04-24,13.850000381469727,11.63379955291748
2024-04-25,13.789999961853027,11.583399772644043
2024-04-26,14.010000228881836,11.768196105957031
2024-04-29,13.970000267028809,11.734597206115723
2024-04-30,13.729999542236328,11.532999992370605
2024-05-01,13.6899995803833,11.499401092529297
2024-05-02,13.770000457763672,11.56659984588623
2024-05-03,13.930000305175781,11.700998306274414
2024-05-06,14.15999984741211,11.894193649291992
2024-05-07,14.1899995803833,11.919393539428711
2024-05-08,14.170000076293945,11.902593612670898
2024-05-09,14.220000267028809,11.94459342956543
2024-05-10,13.850000381469727,11.990478515625
2024-05-13,13.779999732971191,11.929875373840332
2024-05-14,13.819999694824219,11.964505195617676
2024-05-15,14.029999732971191,12.146309852600098
2024-05-16,13.960000038146973,12.085708618164062
2024-05-17,13.960000038146973,12.085708618164062
2024-05-20,14.039999961853027,12.15496826171875
2024-05-21,14.0600004196167,12.172283172607422
2024-05-22,14.050000190734863,12.16362476348877
2024-05-23,14.050000190734863,12.16362476348877
2024-05-24,14.140000343322754,12.241541862487793
2024-05-28,14.130000114440918,12.23288345336914
2024-05-29,14.010000228881836,12.128995895385742
2024-05-30,13.880000114440918,12.016450881958008
2024-05-31,13.920000076293945,12.051079750061035
2024-06-03,13.960000038146973,12.085708618164062
2024-06-04,14.020000457763672,12.137653350830078
2024-06-05,14.270000457763672,12.354086875915527
2024-06-06,14.229999542236328,12.3194580078125
2024-06-07,14.210000038146973,12.302143096923828
2024-06-10,14.319999694824219,12.397374153137207
2024-06-11,14.34000015258789,12.414689064025879
2024-06-12,14.539999961853027,12.587837219238281
2024-06-13,14.600000381469727,12.639781951904297
2024-06-14,14.600000381469727,12.639781951904297
2024-06-17,14.779999732971191,12.795613288879395
2024-06-18,14.859999656677246,12.864872932434082
2024-06-20,14.770000457763672,12.786957740783691
2024-06-21,14.729999542236328,12.752326965332031
2024-06-24,14.609999656677246,12.648438453674316
2024-06-25,14.729999542236328,12.752326965332031
2024-06-26,14.699999809265137,12.72635555267334
2024-06-27,14.710000038146973,12.735013008117676
2024-06-28,14.649999618530273,12.68306827545166
2024-07-01,14.65999984741211,12.69172477722168
2024-07-02,14.75,12.769641876220703
2024-07-03,14.859999656677246,12.864872932434082
2024-07-05,14.9399995803833,12.93413257598877
2024-07-08,14.960000038146973,12.951448440551758
2024-07-09,14.949999809265137,12.942790031433105
2024-07-10,15.119999885559082,13.089964866638184
2024-07-11,14.90999984741211,12.908160209655762
2024-07-12,14.979999542236328,12.968761444091797
2024-07-15,14.989999771118164,12.977418899536133
2024-07-16,15.050000190734863,13.029363632202148
2024-07-17,14.609999656677246,12.648438453674316
2024-07-18,14.539999961853027,12.587837219238281
2024-07-19,14.449999809265137,12.509920120239258
2024-07-22,14.720000267028809,12.743670463562012
2024-07-23,14.770000457763672,12.786957740783691
2024-07-24,14.25,12.336771965026855
2024-07-25,14.130000114440918,12.23288345336914
2024-07-26,14.329999923706055,12.406031608581543
2024-07-29,14.329999923706055,12.406031608581543
2024-07-30,14.199999809265137,12.293485641479492
2024-07-31,14.59000015258789,12.631123542785645
2024-08-01,14.34000015258789,12.414689064025879
2024-08-02,13.970000267028809,12.094367027282715
2024-08-05,13.59000015258789,11.765385627746582
2024-08-06,13.789999961853027,11.938532829284668
2024-08-07,13.619999885559082,11.79135799407959
2024-08-08,14.020000457763672,12.137653350830078
2024-08-09,14.119999885559082,12.224225997924805
2024-08-12,14.119999885559082,12.224225997924805
2024-08-13,14.369999885559082,12.44066047668457
2024-08-14,14.4399995803833,12.501262664794922
2024-08-15,14.6899995803833,12.717697143554688
2024-08-16,14.65999984741211,12.69172477722168
2024-08-19,14.800000190734863,12.812929153442383
2024-08-20,14.789999961853027,12.804271697998047
2024-08-21,14.880000114440918,12.882187843322754
2024-08-22,14.720000267028809,12.743670463562012
2024-08-23,14.829999923706055,12.83890151977539
2024-08-26,14.720000267028809,12.743670463562012
2024-08-27,14.75,12.769641876220703
2024-08-28,14.649999618530273,12.68306827545166
2024-08-29,14.649999618530273,12.68306827545166
2024-08-30,14.84000015258789,12.847558975219727
2024-09-03,14.420000076293945,12.483948707580566
2024-09-04,14.399999618530273,12.466632843017578
2024-09-05,14.319999694824219,12.397374153137207
2024-09-06,14.039999961853027,12.15496826171875
2024-09-09,14.220000267028809,12.310800552368164
2024-09-10,14.34000015258789,12.414689064025879
2024-09-11,14.59000015258789,12.631123542785645
2024-09-12,14.760000228881836,12.778299331665039
2024-09-13,14.850000381469727,12.856215476989746
2024-09-16,14.890000343322754,12.890846252441406
2024-09-17,14.890000343322754,12.890846252441406
2024-09-18,14.800000190734863,12.812929153442383
2024-09-19,15.100000381469727,13.072649955749512
2024-09-20,15.0600004196167,13.038021087646484
2024-09-23,15.100000381469727,13.072649955749512
2024-09-24,15.119999885559082,13.089964866638184
2024-09-25,15.149999618530273,13.115937232971191
2024-09-26,15.210000038146973,13.16788101196289
2024-09-27,15.100000381469727,13.072649955749512
2024-09-30,15.130000114440918,13.098621368408203
2024-10-01,14.989999771118164,12.977418899536133
2024-10-02,15.010000228881836,12.994734764099121
2024-10-03,14.989999771118164,12.977418899536133
2024-10-04,15.119999885559082,13.089964866638184
2024-10-07,15.020000457763672,13.003392219543457
2024-10-08,15.229999542236328,13.185194969177246
2024-10-09,15.369999885559082,13.30639934539795
2024-10-10,15.319999694824219,13.26311206817627
2024-10-11,15.470000267028809,13.392973899841309
2024-10-14,15.579999923706055,13.488204002380371
2024-10-15,15.350000381469727,13.289084434509277
2024-10-16,15.399999618530273,13.332371711730957
2024-10-17,15.4399995803833,13.3670015335083
2024-10-18,15.470000267028809,13.392973899841309
2024-10-21,15.479999542236328,13.401630401611328
2024-10-22,15.399999618530273,13.332371711730957
2024-10-23,15.239999771118164,13.193853378295898
2024-10-24,15.220000267028809,13.176539421081543
2024-10-25,15.229999542236328,13.185194969177246
2024-10-28,15.220000267028809,13.176539421081543
2024-10-29,15.350000381469727,13.289084434509277
2024-10-30,15.34000015258789,13.280427932739258
2024-10-31,14.970000267028809,12.960103988647461
2024-11-01,15.0600004196167,13.038021087646484
2024-11-04,15.0600004196167,13.038021087646484
2024-11-05,15.260000228881836,13.21116828918457
2024-11-06,15.680000305175781,13.57477855682373
2024-11-07,15.829999923706055,13.704639434814453
2024-11-08,15.890000343322754,13.756584167480469
2024-11-11,15.869999885559082,13.739269256591797
2024-11-12,15.869999885559082,13.739269256591797
2024-11-13,15.869999885559082,13.739269256591797
2024-11-14,15.699999809265137,13.592092514038086
2024-11-15,15.369999885559082,13.30639934539795
2024-11-18,15.380000114440918,13.315057754516602
2024-11-19,15.489999771118164,13.410287857055664
2024-11-20,15.5,13.418946266174316
2024-11-21,15.59000015258789,13.496862411499023
2024-11-22,15.600000381469727,13.50551986694336
2024-11-25,15.630000114440918,13.531492233276367
2024-11-26,15.75,13.635380744934082
2024-11-27,15.649999618530273,13.548806190490723
2024-11-29,15.75,13.635380744934082
2024-12-02,15.819999694824219,13.695981979370117
2024-12-03,15.869999885559082,13.739269256591797
2024-12-04,16.030000686645508,13.877787590026855
2024-12-05,15.899999618530273,13.765241622924805
2024-12-06,15.479999542236328,13.8223876953125
2024-12-09,15.319999694824219,13.679520606994629
2024-12-10,15.239999771118164,13.608087539672852
2024-12-11,15.449999809265137,13.795599937438965
2024-12-12,15.34000015258789,13.697380065917969
2024-12-13,15.380000114440918,13.733097076416016
2024-12-16,15.5,13.84024715423584
2024-12-17,15.369999885559082,13.724166870117188
2024-12-18,14.899999618530273,13.304494857788086
2024-12-19,14.859999656677246,13.268777847290039
2024-12-20,14.979999542236328,13.375927925109863
2024-12-23,15.119999885559082,13.500937461853027
2024-12-24,15.260000228881836,13.625946044921875
2024-12-26,15.239999771118164,13.608087539672852
2024-12-27,15.069999694824219,13.456291198730469
2024-12-30,14.920000076293945,13.32235336303711
2024-12-31,14.829999923706055,13.24199104309082
2025-01-02,14.84000015258789,13.250920295715332
2025-01-03,15.0600004196167,13.447362899780273
2025-01-06,15.199999809265137,13.572371482849121
2025-01-07,14.979999542236328,13.375927925109863
2025-01-08,15.0600004196167,13.447362899780273
2025-01-10,14.850000381469727,13.259848594665527
2025-01-13,14.850000381469727,13.259848594665527
2025-01-14,14.890000343322754,13.29556655883789
2025-01-15,15.130000114440918,13.509865760803223
2025-01-16,15.15999984741211,13.536653518676758
2025-01-17,15.3100004196167,13.67059326171875
2025-01-21,15.5600004196167,13.893821716308594
2025-01-22,15.760000228881836,14.072406768798828
2025-01-23,15.819999694824219,14.125980377197266
2025-01-24,15.779999732971191,14.090264320373535
2025-01-27,15.1899995803833,13.56344223022461
2025-01-28,15.399999618530273,13.750954627990723
2025-01-29,15.3100004196167,13.67059326171875
2025-01-30,15.510000228881836,13.849175453186035
2025-01-31,15.449999809265137,13.795599937438965
2025-02-03,15.390000343322754,13.742025375366211
2025-02-04,15.479999542236328,13.8223876953125
2025-02-05,15.5600004196167,13.893821716308594
2025-02-06,15.699999809265137,14.018829345703125
2025-02-07,15.579999923706055,13.9116792678833
2025-02-10,15.699999809265137,14.018829345703125
2025-02-11,15.670000076293945,13.992043495178223
2025-02-12,15.539999961853027,13.87596321105957
2025-02-13,15.670000076293945,13.992043495178223
2025-02-14,15.59000015258789,13.920609474182129
2025-02-18,15.609999656677246,13.938467025756836
2025-02-19,15.600000381469727,13.92953872680664
2025-02-20,15.460000038146973,13.804529190063477
2025-02-21,15.109999656677246,13.4920072555542
2025-02-24,14.960000038146973,13.358071327209473
2025-02-25,14.880000114440918,13.286636352539062
2025-02-26,15.010000228881836,13.402716636657715
2025-02-27,14.720000267028809,13.143770217895508
2025-02-28,14.970000267028809,13.366998672485352
2025-03-03,14.630000114440918,13.063406944274902
2025-03-04,14.479999542236328,12.929469108581543
2025-03-05,14.720000267028809,13.143770217895508
2025-03-06,14.329999923706055,12.795531272888184
2025-03-07,14.329999923706055,12.795531272888184
2025-03-10,13.920000076293945,12.429434776306152
2025-03-11,13.899999618530273,12.411575317382812
2025-03-12,14.0600004196167,12.554443359375
2025-03-13,13.859999656677246,12.375859260559082
2025-03-14,14.1899995803833,12.67052173614502
2025-03-17,14.3100004196167,12.77767276763916
2025-03-18,14.09000015258789,12.581231117248535
2025-03-19,14.289999961853027,12.759814262390137
2025-03-20,14.25,12.72409725189209
2025-03-21,14.25,12.72409725189209
2025-03-24,14.550000190734863,12.991973876953125
2025-03-25,14.609999656677246,13.045548439025879
2025-03-26,14.329999923706055,12.795531272888184
2025-03-27,14.270000457763672,12.741955757141113
2025-03-28,13.949999809265137,12.456222534179688
2025-03-31,13.960000038146973,12.465150833129883
2025-04-01,14.069999694824219,12.563372611999512
2025-04-02,14.1899995803833,12.67052173614502
2025-04-03,13.520000457763672,12.072267532348633
2025-04-04,12.699999809265137,11.340072631835938
2025-04-07,12.75,11.384718894958496
2025-04-08,12.640000343322754,11.286498069763184
2025-04-09,13.930000305175781,12.438364028930664
2025-04-10,13.460000038146973,12.018692016601562
2025-04-11,13.699999809265137,12.232991218566895
2025-04-14,13.770000457763672,12.295496940612793
2025-04-15,13.789999961853027,12.3133544921875
2025-04-16,13.479999542236328,12.03654956817627
2025-04-17,13.420000076293945,11.9829740524292
2025-04-21,13.039999961853027,11.643665313720703
2025-04-22,13.390000343322754,11.95618724822998
2025-04-23,13.649999618530273,12.188345909118652
2025-04-24,14.029999732971191,12.527654647827148
2025-04-25,14.140000343322754,12.625877380371094
2025-04-28,14.119999885559082,12.608017921447754
2025-04-29,14.239999771118164,12.715167999267578
2025-04-30,14.34000015258789,12.804460525512695
2025-05-01,14.510000228881836,12.956256866455078
2025-05-02,14.770000457763672,13.188416481018066
2025-05-05,14.75,13.170557022094727
2025-05-06,14.670000076293945,13.09912395477295
2025-05-07,14.670000076293945,13.09912395477295
2025-05-08,14.90999984741211,13.313424110412598
2025-05-09,14.199999809265137,13.300312042236328
2025-05-12,14.59000015258789,13.66560173034668
2025-05-13,14.729999542236328,13.796730995178223
2025-05-14,14.779999732971191,13.843563079833984
2025-05-15,14.850000381469727,13.90912914276123
2025-05-16,14.930000305175781,13.984060287475586
2025-05-19,14.989999771118164,14.040258407592773
2025-05-20,14.90999984741211,13.965326309204102
2025-05-21,14.699999809265137,13.768631935119629
2025-05-22,14.710000038146973,13.777998924255371
2025-05-23,14.619999885559082,13.693700790405273
2025-05-27,14.890000343322754,13.94659423828125
2025-05-28,14.800000190734863,13.862297058105469
2025-05-29,14.829999923706055,13.890396118164062
2025-05-30,14.880000114440918,13.937228202819824
2025-06-02,14.960000038146973,14.01215934753418
2025-06-03,15.050000190734863,14.096457481384277
2025-06-04,15.100000381469727,14.143289566040039
2025-06-05,15.079999923706055,14.124556541442871
2025-06-06,15.149999618530273,14.190120697021484
2025-06-09,15.079999923706055,14.124556541442871
2025-06-10,15.0600004196167,14.10582447052002
2025-06-11,15.050000190734863,14.096457481384277
2025-06-12,15.130000114440918,14.171387672424316
2025-06-13,14.899999618530273,13.955960273742676
2025-06-16,15.029999732971191,14.07772445678711
2025-06-17,14.970000267028809,14.021525382995605
2025-06-18,14.970000267028809,14.021525382995605
2025-06-20,14.930000305175781,13.984060287475586
2025-06-23,15.069999694824219,14.115189552307129
2025-06-24,15.289999961853027,14.321250915527344
2025-06-25,15.270000457763672,14.302518844604492
2025-06-26,15.420000076293945,14.443014144897461
2025-06-27,15.5600004196167,14.57414436340332
2025-06-30,15.670000076293945,14.67717456817627
2025-07-01,15.520000457763672,14.5366792678833
2025-07-02,15.5,14.517946243286133
2025-07-03,15.720000267028809,14.724007606506348
2025-07-07,15.649999618530273,14.658441543579102
2025-07-08,15.579999923706055,14.592876434326172
2025-07-09,15.720000267028809,14.724007606506348
2025-07-10,15.670000076293945,14.67717456817627
2025-07-11,15.619999885559082,14.630342483520508
2025-07-14,15.699999809265137,14.705273628234863
2025-07-15,15.6899995803833,14.695907592773438
2025-07-16,15.720000267028809,14.724007606506348
2025-07-17,15.869999885559082,14.864502906799316
2025-07-18,15.829999923706055,14.82703685760498
2025-07-21,15.84000015258789,14.836403846740723
2025-07-22,15.729999542236328,14.733373641967773
2025-07-23,15.869999885559082,14.864502906799316
2025-07-24,15.979999542236328,14.967534065246582
2025-07-25,16.059999465942383,15.042464256286621
2025-07-28,16.059999465942383,15.042464256286621
2025-07-29,16.010000228881836,14.995633125305176
2025-07-30,16.0,14.986266136169434
2025-07-31,16.040000915527344,15.023733139038086
2025-08-01,15.75,14.752106666564941
2025-08-04,16.030000686645508,15.014366149902344
2025-08-05,15.84000015258789,14.836403846740723
2025-08-06,15.979999542236328,14.967534065246582
2025-08-07,15.970000267028809,14.958168029785156
2025-08-08,16.040000915527344,15.023733139038086
2025-08-11,16.010000228881836,14.995633125305176
2025-08-12,16.190000534057617,15.164229393005371
2025-08-13,16.1200008392334,15.098664283752441
2025-08-14,16.1299991607666,15.10802936553955
2025-08-15,16.049999237060547,15.033097267150879
2025-08-18,16.06999969482422,15.051831245422363
2025-08-19,15.90999984741211,14.901968955993652
2025-08-20,15.859999656677246,14.855135917663574
2025-08-21,15.800000190734863,14.798937797546387
2025-08-22,15.979999542236328,14.967534065246582
2025-08-25,15.899999618530273,14.89260196685791
2025-08-26,16.010000228881836,14.995633125305176
2025-08-27,16.010000228881836,14.995633125305176
2025-08-28,16.06999969482422,15.051831245422363
2025-08-29,15.90999984741211,14.901968955993652
2025-09-02,15.789999961853027,14.789571762084961
2025-09-03,15.8100004196167,14.808304786682129
2025-09-04,15.989999771118164,14.976900100708008
2025-09-05,15.920000076293945,14.911335945129395
2025-09-08,16.030000686645508,15.014366149902344
2025-09-09,16.059999465942383,15.042464256286621
2025-09-10,16.030000686645508,15.014366149902344
2025-09-11,16.149999618530273,15.126762390136719
2025-09-12,16.049999237060547,15.033097267150879
2025-09-15,16.110000610351562,15.089298248291016
2025-09-16,16.059999465942383,15.042464256286621
2025-09-17,15.970000267028809,14.958168029785156
2025-09-18,16.09000015258789,15.070564270019531
2025-09-19,16.170000076293945,15.145496368408203
2025-09-22,16.200000762939453,15.173595428466797
2025-09-23,16.06999969482422,15.051831245422363
2025-09-24,15.989999771118164,14.976900100708008
2025-09-25,15.920000076293945,14.911335945129395
2025-09-26,15.960000038146973,14.948801040649414
2025-09-29,16.020000457763672,15.004999160766602
2025-09-30,16.100000381469727,15.079931259155273
2025-10-01,16.06999969482422,15.051831245422363
2025-10-02,16.06999969482422,15.051831245422363
2025-10-03,16.059999465942383,15.042464256286621
2025-10-06,16.110000610351562,15.089298248291016
2025-10-07,16.040000915527344,15.023733139038086
2025-10-08,16.190000534057617,15.164229393005371
2025-10-09,16.18000030517578,15.154862403869629
2025-10-10,15.75,14.752106666564941
2025-10-13,15.989999771118164,14.976900100708008
2025-10-14,15.930000305175781,14.92070198059082
2025-10-15,15.899999618530273,14.89260196685791
2025-10-16,15.710000038146973,14.714640617370605
2025-10-17,15.779999732971191,14.780204772949219
2025-10-20,15.90999984741211,14.901968955993652
2025-10-21,15.970000267028809,14.958168029785156
2025-10-22,15.859999656677246,14.855135917663574
2025-10-23,15.930000305175781,14.92070198059082
2025-10-24,16.049999237060547,15.033097267150879
2025-10-27,16.219999313354492,15.192326545715332
2025-10-28,16.260000228881836,15.229793548583984
2025-10-29,16.270000457763672,15.23915958404541
2025-10-30,16.059999465942383,15.042464256286621
2025-10-31,16.059999465942383,15.042464256286621
2025-11-03,16.06999969482422,15.051831245422363
2025-11-04,15.90999984741211,14.901968955993652
2025-11-05,15.880000114440918,14.873869895935059
2025-11-06,15.640000343322754,14.649075508117676
2025-11-07,15.699999809265137,14.705273628234863
2025-11-10,15.949999809265137,14.939435005187988
2025-11-11,15.880000114440918,14.873869895935059
2025-11-12,15.880000114440918,14.873869895935059
2025-11-13,15.609999656677246,14.620975494384766
2025-11-14,15.600000381469727,14.611610412597656
2025-11-17,15.4399995803833,14.461747169494629
2025-11-18,15.279999732971191,14.311884880065918
2025-11-19,15.369999885559082,14.3961820602417
2025-11-20,15.130000114440918,14.171387672424316
2025-11-21,15.199999809265137,14.236952781677246
2025-11-24,15.430000305175781,14.452381134033203
2025-11-25,15.569999694824219,14.583510398864746
2025-11-26,15.699999809265137,14.705273628234863
2025-11-28,15.800000190734863,14.798937797546387
2025-12-01,15.680000305175781,14.686541557312012
2025-12-02,15.699999809265137,14.705273628234863
2025-12-03,15.649999618530273,14.658441543579102
2025-12-04,15.6899995803833,14.695907592773438
2025-12-05,15.029999732971191,14.721373558044434
2025-12-08,15.020000457763672,14.711579322814941
2025-12-09,14.989999771118164,14.682194709777832
2025-12-10,15.010000228881836,14.701784133911133
2025-12-11,15.109999656677246,14.79973030090332
2025-12-12,14.800000190734863,14.49609661102295
2025-12-15,14.770000457763672,14.466712951660156
2025-12-16,14.770000457763672,14.466712951660156
2025-12-17,14.579999923706055,14.280613899230957
2025-12-18,14.720000267028809,14.417738914489746
2025-12-19,14.880000114440918,14.574453353881836
2025-12-22,15.0,14.69198989868164
2025-12-23,15.119999885559082,14.809525489807129
2025-12-24,15.149999618530273,14.838909149169922
2025-12-26,15.170000076293945,14.858498573303223
2025-12-29,15.119999885559082,14.809525489807129
2025-12-30,15.079999923706055,14.770346641540527
2025-12-31,14.949999809265137,14.64301586151123
2026-01-02,14.989999771118164,14.682194709777832
2026-01-05,15.109999656677246,14.79973030090332
2026-01-06,15.25,14.936856269836426
2026-01-07,15.15999984741211,14.848703384399414
2026-01-08,15.109999656677246,14.79973030090332
2026-01-09,15.25,14.936856269836426
2026-01-12,15.289999961853027,14.976034164428711
2026-01-13,15.220000267028809,14.907472610473633
2026-01-14,15.050000190734863,14.740962982177734
2026-01-15,15.180000305175781,14.868293762207031
2026-01-16,15.220000267028809,14.907472610473633
2026-01-20,14.84000015258789,14.53527545928955
2026-01-21,14.949999809265137,14.64301586151123
2026-01-22,15.0,14.69198989868164
2026-01-23,15.069999694824219,14.760551452636719
2026-01-26,15.130000114440918,14.819319725036621
2026-01-27,15.25,14.936856269836426
2026-01-28,15.220000267028809,14.907472610473633
2026-01-29,15.180000305175781,14.868293762207031
2026-01-30,15.020000457763672,14.711579322814941
2026-02-02,15.0,14.69198989868164
2026-02-03,14.710000038146973,14.407944679260254
2026-02-04,14.5,14.202256202697754
2026-02-05,14.380000114440918,14.084720611572266
2026-02-06,14.739999771118164,14.437328338623047
2026-02-09,14.869999885559082,14.564659118652344
2026-02-10,14.84000015258789,14.53527545928955
2026-02-11,14.829999923706055,14.525480270385742
2026-02-12,14.59000015258789,14.29040813446045
2026-02-13,14.619999885559082,14.319791793823242
2026-02-17,14.649999618530273,14.349176406860352
2026-02-18,14.75,14.447122573852539
2026-02-19,14.760000228881836,14.456917762756348
2026-02-20,14.84000015258789,14.53527545928955
2026-02-23,14.619999885559082,14.319791793823242
2026-02-24,14.770000457763672,14.466712951660156
2026-02-25,14.899999618530273,14.594042778015137
2026-02-26,14.770000457763672,14.466712951660156
2026-02-27,14.720000267028809,14.417738914489746
2026-03-02,14.779999732971191,14.476506233215332
2026-03-03,14.609999656677246,14.30999755859375
2026-03-04,14.739999771118164,14.437328338623047
2026-03-05,14.6899995803833,14.388354301452637
2026-03-06,14.4399995803833,14.143487930297852
2026-03-09,14.600000381469727,14.300203323364258
2026-03-10,14.5600004196167,14.261024475097656
2026-03-11,14.529999732971191,14.231639862060547
2026-03-12,14.289999961853027,13.99656867980957
2026-03-13,14.180000305175781,13.888827323913574
2026-03-16,14.329999923706055,14.035747528076172
2026-03-17,14.34000015258789,14.045541763305664
2026-03-18,14.140000343322754,13.849649429321289
2026-03-19,14.09000015258789,13.800675392150879
2026-03-20,13.859999656677246,13.575397491455078
2026-03-23,14.050000190734863,13.761496543884277
2026-03-24,13.970000267028809,13.68313980102539
2026-03-25,14.069999694824219,13.781085968017578
2026-03-26,13.720000267028809,13.438273429870605
2026-03-27,13.460000038146973,13.183611869812012
2026-03-30,13.380000114440918,13.105255126953125
2026-03-31,13.819999694824219,13.536219596862793
2026-04-01,13.9399995803833,13.653755187988281
2026-04-02,13.989999771118164,13.702728271484375
2026-04-06,14.050000190734863,13.761496543884277
2026-04-07,14.100000381469727,13.810470581054688
2026-04-08,14.59000015258789,14.29040813446045
2026-04-09,14.739999771118164,14.437328338623047
2026-04-10,14.770000457763672,14.466712951660156
2026-04-13,14.979999542236328,14.672399520874023
2026-04-14,15.210000038146973,14.897677421569824
2026-04-15,15.289999961853027,14.976034164428711
2026-04-16,15.319999694824219,15.005417823791504
2026-04-17,15.5,15.181722640991211
2026-04-20,15.460000038146973,15.14254379272461
2026-04-21,15.399999618530273,15.083775520324707
2026-04-22,15.550000190734863,15.230695724487305
2026-04-23,15.470000267028809,15.152338981628418
2026-04-24,15.720000267028809,15.397205352783203
2026-04-27,15.729999542236328,15.406999588012695
2026-04-28,15.550000190734863,15.230695724487305
2026-04-29,15.569999694824219,15.250285148620605
2026-04-30,15.600000381469727,15.279669761657715
2026-05-01,15.579999923706055,15.260079383850098
2026-05-04,15.520000457763672,15.201312065124512
2026-05-05,15.59000015258789,15.269874572753906
2026-05-06,15.850000381469727,15.5245361328125
2026-05-07,15.729999542236328,15.406999588012695
2026-05-08,15.460000038146973,15.460000038146973
2026-05-11,15.489999771118164,15.489999771118164
2026-05-12,15.430000305175781,15.430000305175781
2026-05-13,15.489999771118164,15.489999771118164
2026-05-14,15.699999809265137,15.699999809265137
2026-05-15,15.40999984741211,15.40999984741211
2026-05-18,15.380000114440918,15.380000114440918
2026-05-19,15.180000305175781,15.180000305175781
2026-05-20,15.399999618530273,15.399999618530273
2026-05-21,15.430000305175781,15.430000305175781
2026-05-22,15.460000038146973,15.460000038146973
2026-05-26,15.640000343322754,15.640000343322754
2026-05-27,15.640000343322754,15.640000343322754
2026-05-28,15.739999771118164,15.739999771118164
2026-05-29,15.720000267028809,15.720000267028809
2026-06-01,15.859999656677246,15.859999656677246
2026-06-02,15.90999984741211,15.90999984741211
2026-06-03,15.829999923706055,15.829999923706055
2026-06-04,15.800000190734863,15.800000190734863
2026-06-05,15.220000267028809,15.220000267028809
2026-06-08,15.319999694824219,15.319999694824219
2026-06-09,15.359999656677246,15.359999656677246
2026-06-10,14.979999542236328,14.979999542236328
2026-06-11,15.3100004196167,15.3100004196167
2026-06-12,15.430000305175781,15.430000305175781
2026-06-15,15.8100004196167,15.8100004196167
2026-06-16,15.680000305175781,15.680000305175781
2026-06-17,15.539999961853027,15.539999961853027
2026-06-18,15.8100004196167,15.8100004196167
2026-06-22,15.680000305175781,15.680000305175781
2026-06-23,15.319999694824219,15.319999694824219
2026-06-24,15.329999923706055,15.329999923706055
2026-06-25,15.359999656677246,15.359999656677246
2026-06-26,15.1899995803833,15.1899995803833
2026-06-29,15.5,15.5
2026-06-30,15.770000457763672,15.770000457763672
2026-07-01,15.630000114440918,15.630000114440918
2026-07-02,15.420000076293945,15.420000076293945
2026-07-06,15.609999656677246,15.609999656677246
2026-07-07,15.40999984741211,15.40999984741211
2026-07-08,15.4399995803833,15.4399995803833
2026-07-09,15.600000381469727,15.600000381469727
2026-07-10,15.729999542236328,15.729999542236328
2026-07-13,15.479999542236328,15.479999542236328
2026-07-14,15.65999984741211,15.65999984741211
2026-07-15,15.670000076293945,15.670000076293945
2026-07-16,15.420000076293945,15.420000076293945
2026-07-17,15.210000038146973,15.210000038146973
2026-07-20,15.229999542236328,15.229999542236328
2026-07-21,15.430000305175781,15.430000305175781
2026-07-22,15.449999809265137,15.449999809265137
2026-07-23,15.25,15.25
2026-07-24,15.140000343322754,15.140000343322754
2026-07-27,15.100000381469727,15.100000381469727
2026-07-28,15.0,15.0
2026-07-29,14.65999984741211,14.65999984741211
2026-07-30,15.100000381469727,15.100000381469727
2026-07-31,15.40999984741211,15.40999984741211
2026-08-03,15.640000343322754,15.640000343322754
2026-08-04,15.930000305175781,15.930000305175781
2026-08-05,15.899999618530273,15.899999618530273
2026-08-06,15.869999885559082,15.869999885559082
2026-08-07,15.899999618530273,15.899999618530273
