p,q,k = p+q+1,AIC,BIC,convergé
0,0,1,-137.7125065107206,-133.9701044889048,True
0,1,2,-136.3717722912221,-130.7581692584984,False
0,2,3,-134.48246201150988,-126.99765796787831,True
0,3,4,-133.08039712671228,-123.72439207217283,True
1,0,2,-136.27999447237926,-130.66639143965557,True
1,1,3,-134.41281427883803,-126.92801023520646,True
1,2,4,-132.60808244629987,-123.25207739176042,False
1,3,5,-131.74034106147687,-120.51313499602952,True
2,0,3,-134.64261738517172,-127.15781334154015,False
2,1,4,-132.68108167972213,-123.32507662518267,True
2,2,5,-136.5227882456736,-125.29558218022626,False
2,3,6,-133.9495179322023,-120.85111085584705,False
3,0,4,-132.78724258401897,-123.43123752947952,True
3,1,5,-131.5207003796993,-120.29349431425194,False
3,2,6,-129.75422636371522,-116.65581928735998,True
3,3,7,-129.7000411216651,-114.73043303440197,False
