date_fin_de_mois,réalisé,prévision,borne basse 95%,borne haute 95%,écart-type de prévision,erreur (réalisé - prévu),dans l'IC 95%
2025-08,-0.0081378110784263,0.008659414701468483,-0.09970291022873055,0.11702173963166752,0.05528791640302946,-0.016797225779894783,oui
2025-09,0.0118714552393336,0.008659414701468483,-0.09970291022873055,0.11702173963166752,0.05528791640302946,0.0032120405378651164,oui
2025-10,-0.0024876522301302,0.008659414701468483,-0.09970291022873055,0.11702173963166752,0.05528791640302946,-0.011147066931598682,oui
2025-11,-0.0163217441694425,0.008659414701468483,-0.09970291022873055,0.11702173963166752,0.05528791640302946,-0.024981158870910986,oui
2025-12,-0.0105919189712708,0.008659414701468483,-0.09970291022873055,0.11702173963166752,0.05528791640302946,-0.019251333672739283,oui
2026-01,0.0046714039526603,0.008659414701468483,-0.09970291022873055,0.11702173963166752,0.05528791640302946,-0.003988010748808183,oui
2026-02,-0.020175575224187,0.008659414701468483,-0.09970291022873055,0.11702173963166752,0.05528791640302946,-0.02883498992565548,oui
2026-03,-0.0630902916108353,0.008659414701468483,-0.09970291022873055,0.11702173963166752,0.05528791640302946,-0.07174970631230379,oui
2026-04,0.1211541451431054,0.008659414701468483,-0.09970291022873055,0.11702173963166752,0.05528791640302946,0.11249473044163691,NON
2026-05,0.0284106329397595,0.008659414701468483,-0.09970291022873055,0.11702173963166752,0.05528791640302946,0.01975121823829102,oui
2026-06,0.0031756260148206,0.008659414701468483,-0.09970291022873055,0.11702173963166752,0.05528791640302946,-0.0054837886866478825,oui
2026-07,-0.0230927905722968,0.008659414701468483,-0.09970291022873055,0.11702173963166752,0.05528791640302946,-0.03175220527376528,oui
