date_fin_de_mois,r_fonds,RF,y,MKT_RF,SMB,HML,MOM,resid_FF3,resid_Carhart,fitted_FF3
2021-08-31,0.03597250908121223,0.0,0.03597250908121223,0.0294,-0.0032,-0.0023,0.0263,0.006389905334116611,0.0040391959598380794,0.02958260374709562
2021-09-30,-0.05621755956127608,0.0,-0.05621755956127608,-0.044000000000000004,0.0066,0.0512,0.0143,0.0057470116087539255,0.004580273618145482,-0.06196457117003001
2021-10-31,0.0812352887417633,0.0,0.0812352887417633,0.0663,-0.0226,-0.0053,0.0331,0.010067995813923633,0.007495716873208588,0.07116729292783967
2021-11-30,0.009705745127481366,0.0,0.009705745127481366,-0.0158,-0.0131,-0.0037,0.0096,0.026509181230739406,0.02650096674864797,-0.01680343610325804
2021-12-31,0.018509363327541387,0.0001,0.018409363327541388,0.0323,-0.0163,0.0325,-0.024,-0.006986209446714124,-0.0037495731392260326,0.025395572774255512
2022-01-31,-0.11429217759118396,0.0,-0.11429217759118396,-0.0616,-0.0593,0.1286,-0.024300000000000002,-0.021246120247397304,-0.016163535634047682,-0.09304605734378665
2022-02-28,-0.044750398083084904,0.0,-0.044750398083084904,-0.022799999999999997,0.0216,0.030600000000000002,0.016200000000000003,-0.008737704152274053,-0.010701149110017051,-0.03601269393081085
2022-03-31,0.03742972182464618,0.0,0.03742972182464618,0.0308,-0.0155,-0.019,0.0292,0.0010653149001243825,-0.001119517079650148,0.036364406924521794
2022-04-30,-0.11100951056466368,0.0,-0.11100951056466368,-0.0941,-0.013500000000000002,0.061799999999999994,0.049800000000000004,0.004453128039016624,0.0005650549975103475,-0.1154626386036803
2022-05-31,-0.008392665526517368,0.0003,-0.008692665526517368,-0.0034000000000000002,-0.0184,0.08439999999999999,0.0252,0.016110261752338997,0.01438524795179834,-0.024802927278856364
2022-06-30,-0.06764121995440263,0.0006,-0.06824121995440263,-0.084,0.0207,-0.06,0.0106,0.010051093611389186,0.009265513950222612,-0.07829231356579182
2022-07-31,0.11552964068481991,0.0008,0.11472964068481992,0.09570000000000001,0.0286,-0.041299999999999996,-0.0441,0.008736657676948992,0.012297096338191246,0.10599298300787093
2022-08-31,-0.06524967373757677,0.0019,-0.06714967373757677,-0.0377,0.0141,0.0018,0.0189,-0.023212356932784894,-0.025037587818660945,-0.043937316804791876
2022-09-30,-0.10906458472778084,0.0019,-0.11096458472778084,-0.0934,-0.0076,0.0003,0.0371,-0.010743962688905928,-0.013375964110496324,-0.10022062203887491
2022-10-31,0.056018411420996755,0.0023,0.05371841142099676,0.0785,0.0001,0.0797,0.0394,-0.0072473290337900995,-0.011550814443119312,0.06096574045478686
2022-11-30,0.06263219672409079,0.0029,0.05973219672409079,0.04650000000000001,-0.035699999999999996,0.0148,-0.0171,0.013103347783011733,0.01627150045187889,0.046628848941079055
2022-12-31,-0.06843038045169567,0.0033,-0.07173038045169566,-0.0638,-0.0076,0.0134,0.049400000000000006,0.0004644579311585545,-0.003643745286650596,-0.07219483838285422
2023-01-31,0.06693293558625311,0.0034999999999999996,0.06343293558625311,0.0661,0.0501,-0.0394,-0.16210000000000002,-0.008742900595100828,0.006478197430208749,0.07217583618135394
2023-02-28,-0.023010113758396195,0.0034000000000000002,-0.026410113758396195,-0.025699999999999997,0.0105,-0.008,0.0052,0.002105707360786732,0.0017870331535308412,-0.028515821119182928
2023-03-31,0.0377734582095594,0.0036,0.0341734582095594,0.0248,-0.0548,-0.09050000000000001,-0.023799999999999998,-0.017255926886800277,-0.012339468942998928,0.05142938509635968
2023-04-30,0.006872979982655656,0.0034999999999999996,0.0033729799826556564,0.0062,-0.0337,-0.0012,0.0175,-0.004452470452801524,-0.004683566210436021,0.00782545043545718
2023-05-31,0.01888483094219719,0.0036,0.015284830942197191,0.0034000000000000002,0.016,-0.0779,-0.0088,-0.003512941033699042,-0.002565920042173292,0.018797771975896233
2023-06-30,0.06377385883161085,0.004,0.05977385883161085,0.0646,0.0149,-0.0013,-0.0271,-0.004933580215302158,-0.002577032610029832,0.064707439046913
2023-07-31,0.02096136177669445,0.0045000000000000005,0.01646136177669445,0.0321,0.020499999999999997,0.0406,-0.039900000000000005,-0.0031206420667976575,0.0004491728141508,0.019582003843492107
2023-08-31,0.0043123296810549045,0.0045000000000000005,-0.00018767031894509605,-0.0236,-0.0313,-0.0115,0.039,0.021146263265424053,0.018789697564173796,-0.02133393358436915
2023-09-30,-0.05120274151454009,0.0043,-0.055502741514540085,-0.052300000000000006,-0.025,0.015,0.0025,0.003238169284801154,0.004548100020526573,-0.05874091079934124
2023-10-31,-0.01920506900376979,0.004699999999999999,-0.02390506900376979,-0.0315,-0.0387,0.0022,0.0169,0.008399020470013549,0.008610938023085171,-0.03230408947378334
2023-11-30,0.10091859641539301,0.0044,0.09651859641539301,0.0888,-0.0011,0.0166,0.0259,0.009089359519781917,0.00632569456144888,0.08742923689561109
2023-12-31,0.04330274764150771,0.0043,0.03900274764150771,0.048499999999999995,0.06280000000000001,0.0487,-0.055,0.008255804816712325,0.011787916941055868,0.030746942824795388
2024-01-31,0.039033192828614074,0.004699999999999999,0.03433319282861408,0.0073,-0.0504,-0.023700000000000002,0.0546,0.018187742277641906,0.014740941050812546,0.016145450550972173
2024-02-29,0.07884014176095287,0.0042,0.07464014176095288,0.0507,-0.0026,-0.034300000000000004,0.0501,0.0147893127812578,0.00990266410821894,0.05985082897969508
2024-03-31,0.031274758333225045,0.0043,0.026974758333225046,0.028399999999999998,-0.025,0.0416,-0.0032,0.00707201424446114,0.00845513693394723,0.019902744088763906
2024-04-30,-0.03997688367021225,0.004699999999999999,-0.04467688367021225,-0.04650000000000001,-0.023799999999999998,-0.0045000000000000005,-0.0043,0.003278450558691491,0.005267015584542324,-0.04795533422890374
2024-05-31,0.043941771154222445,0.0044,0.039541771154222444,0.0433,0.0053,-0.013300000000000001,0.014499999999999999,-0.006572868014718042,-0.008049643294002505,0.046114639168940486
2024-06-30,0.05111363556001483,0.0040999999999999995,0.04701363556001483,0.027999999999999997,-0.03,-0.0336,0.0086,0.008598785293238452,0.009117343452330035,0.03841485026677638
2024-07-31,-0.00410400663368378,0.0045000000000000005,-0.00860400663368378,0.012199999999999999,0.0681,0.0557,-0.0236,0.001196071720067889,0.001466480341272159,-0.009800078353751669
2024-08-31,0.016989939615221772,0.0048,0.012189939615221773,0.016,-0.0349,-0.0113,0.048600000000000004,-0.008572972161599808,-0.0120231089832568,0.02076291177682158
2024-09-30,0.019353155338229833,0.004,0.015353155338229833,0.0172,-0.0013,-0.0273,-0.006,-0.007298692453695896,-0.006231798867467872,0.02265184779192573
2024-10-31,-0.010631270908950892,0.0039000000000000003,-0.014531270908950893,-0.01,-0.0095,0.0091,0.0298,-0.0003559483651621141,-0.002653463919254039,-0.014175322543788779
2024-11-30,0.050792225287928094,0.004,0.04679222528792809,0.0649,0.0449,0.0038,0.008100000000000001,-0.01403324545781684,-0.016407223743988925,0.06082547074574493
2024-12-31,-0.02927501989437002,0.0037,-0.03297501989437002,-0.0317,-0.027000000000000003,-0.0297,-0.003,-0.007133759644052079,-0.005189426138817399,-0.025841260250317938
2025-01-31,0.0409567761072435,0.0037,0.0372567761072435,0.027999999999999997,-0.02,0.0176,0.0101,0.012381425314243907,0.012266730057512967,0.02487535079299959
2025-02-28,-0.03156081253163274,0.0033,-0.034860812531632736,-0.024399999999999998,-0.057699999999999994,0.0484,-0.0086,-0.0005860532388153317,0.0027940616751111896,-0.034274759292817404
2025-03-31,-0.06985206624230696,0.0034000000000000002,-0.07325206624230696,-0.0639,-0.027200000000000002,0.0287,-0.0264,0.0008747738903990138,0.005296722480915644,-0.07412684013270597
2025-04-30,0.026856771342510886,0.0034999999999999996,0.023356771342510886,-0.0084,-0.005699999999999999,-0.0329,0.0501,0.025916324268125453,0.021468594424985117,-0.002559552925614568
2025-05-31,0.08476995911051423,0.0038,0.08096995911051423,0.060599999999999994,0.0060999999999999995,-0.0281,0.0225,0.013046511537968986,0.010648887191294615,0.06792344757254525
2025-06-30,0.0517299886669073,0.0034000000000000002,0.0483299886669073,0.048600000000000004,0.0070999999999999995,-0.0143,-0.0265,-0.0034464303612303307,-0.0007550383139266412,0.05177641902813763
2025-07-31,0.023337623442936196,0.0034000000000000002,0.019937623442936196,0.019799999999999998,0.003,-0.0134,-0.009399999999999999,-0.001626634610578756,-0.00040679562395286306,0.021564258053514952
2025-08-31,-0.008137811078426342,0.0038,-0.011937811078426341,0.0184,0.038,0.0437,-0.0361,-0.014581590226182519,-0.01195512207275717,0.0026437791477561786
2025-09-30,0.011871455239333627,0.0033,0.008571455239333628,0.0339,-0.0183,-0.0105,0.0462,-0.02925504529347602,-0.03314503037328127,0.03782650053280965
2025-10-31,-0.002487652230130237,0.0037,-0.006187652230130237,0.0196,-0.005699999999999999,-0.0318,0.0016,-0.03290833487006553,-0.03247811042852242,0.02672068263993529
2025-11-30,-0.016321744169442525,0.003,-0.019321744169442524,-0.0013,0.004,0.037599999999999995,-0.0172,-0.0060118449171821485,-0.004021908433736067,-0.013309899252260376
2025-12-31,-0.010591918971270878,0.0034000000000000002,-0.013991918971270879,-0.0036,-0.0104,0.024,-0.024,-0.0030050638872613725,0.0002459131641694458,-0.010986855084009506
2026-01-31,0.004671403952660311,0.003,0.001671403952660311,0.0103,0.0218,0.038,0.050300000000000004,0.00458627813439828,-0.0011309555673753723,-0.002914874181737969
2026-02-28,-0.02017557522418709,0.0028000000000000004,-0.02297557522418709,-0.011699999999999999,0.0016,0.027999999999999997,0.0131,-0.001280199424903261,-0.0022712692847105045,-0.02169537579928383
2026-03-31,-0.0630902916108353,0.0029,-0.0659902916108353,-0.0518,0.0044,0.0329,0.015600000000000001,-0.0004982141647203314,-0.0016339795145805386,-0.06549207744611497
2026-04-30,0.12115414514310542,0.0029,0.11825414514310542,0.09949999999999999,0.0019,-0.0137,0.0951,0.012396225201991476,0.0023511453402542404,0.10585791994111395
2026-05-31,0.028410632939759504,0.0031,0.025310632939759506,0.049100000000000005,-0.0159,-0.0231,0.0139,-0.03141165514088035,-0.032086063780119294,0.05672228808063986
2026-06-30,0.003175626014820671,0.0029,0.00027562601482067134,-0.010700000000000001,0.0339,0.0358,0.0462,0.026002397471579442,0.02040721320768783,-0.025726771456758772
2026-07-31,-0.023092790572296844,0.0033,-0.026392790572296845,-0.006,-0.0196,0.021099999999999997,-0.1225,-0.014488297108400066,-0.0006593536436398199,-0.011904493463896779
